coin,regime,days,share_pct,range_1d_med,rv_1d_med,absret_1d_med,range_1h_med,mult_vs_own_avg
BTC,normal_osc,941,45.4,0.0366,0.0224,0.0139,0.00597,1.0
BTC,low_vol_osc,273,13.2,0.0191,0.0115,0.0061,0.00338,0.52
BTC,strong_trend,296,14.3,0.0412,0.025,0.0144,0.00696,1.13
BTC,bear,490,23.7,0.0435,0.027,0.0157,0.0075,1.19
BTC,extreme_vol,71,3.4,0.1306,0.0693,0.0915,0.01657,3.59
ETH,normal_osc,833,40.2,0.048,0.0297,0.02,0.00805,1.0
ETH,low_vol_osc,278,13.4,0.0256,0.015,0.0076,0.00454,0.53
ETH,strong_trend,286,13.8,0.0564,0.033,0.0209,0.0098,1.18
ETH,bear,607,29.3,0.0554,0.033,0.0223,0.00926,1.16
ETH,extreme_vol,67,3.2,0.1748,0.0929,0.1174,0.02166,3.65
XRP,normal_osc,782,37.8,0.0551,0.033,0.0208,0.00928,1.05
XRP,low_vol_osc,217,10.5,0.0305,0.0179,0.0102,0.00547,0.58
XRP,strong_trend,271,13.1,0.0747,0.0472,0.0263,0.01423,1.43
XRP,bear,735,35.5,0.0489,0.0295,0.0187,0.00893,0.93
XRP,extreme_vol,66,3.2,0.2607,0.1421,0.1619,0.03429,4.98
SOL,normal_osc,730,35.2,0.0693,0.0426,0.0295,0.01214,1.01
SOL,low_vol_osc,213,10.3,0.038,0.0235,0.0145,0.00718,0.55
SOL,strong_trend,282,13.6,0.0996,0.0595,0.0386,0.01754,1.45
SOL,bear,778,37.6,0.0659,0.0395,0.0274,0.01143,0.96
SOL,extreme_vol,68,3.3,0.2519,0.1452,0.1609,0.04001,3.68
ADA,normal_osc,625,30.2,0.0618,0.0386,0.0237,0.01092,1.05
ADA,low_vol_osc,171,8.3,0.0352,0.0208,0.0121,0.0068,0.6
ADA,strong_trend,265,12.8,0.0808,0.0505,0.0275,0.01483,1.38
ADA,bear,940,45.4,0.0558,0.035,0.0232,0.01028,0.95
ADA,extreme_vol,70,3.4,0.236,0.1289,0.1424,0.03213,4.02
DOGE,normal_osc,616,29.7,0.0668,0.0401,0.0261,0.01113,1.09
DOGE,low_vol_osc,126,6.1,0.0364,0.022,0.0132,0.00674,0.59
DOGE,strong_trend,268,12.9,0.1001,0.061,0.0397,0.01811,1.64
DOGE,bear,1003,48.4,0.0534,0.0323,0.0205,0.00948,0.87
DOGE,extreme_vol,58,2.8,0.3341,0.1904,0.1969,0.04762,5.46
LINK,normal_osc,682,32.9,0.0655,0.04,0.028,0.01159,1.01
LINK,low_vol_osc,184,8.9,0.0373,0.0234,0.0151,0.0071,0.57
LINK,strong_trend,297,14.3,0.0823,0.0473,0.0303,0.01483,1.27
LINK,bear,842,40.7,0.0637,0.0382,0.026,0.01113,0.98
LINK,extreme_vol,66,3.2,0.2105,0.1257,0.142,0.03177,3.24
