coin,regime,side,adg_pnl,mdg_pnl,dd_worst_usd,loss_profit_ratio,peak_recovery_hours,position_held_hours_max,completion_ratio,liquidated,n_fills,run_dir
BTC,bear,both,0.0003996066744982315,-5.976462208349389e-06,0.9555117635273674,0.7044332264618498,3030.15,3272.0333333333333,0.1272,True,2541.0,/Users/liu/Documents/go/gopath/src/rust-pro/passivbot-struct/passivbot/backtests/binance/2026-10-01T23_11_58
BTC,bear,long,0.0006199335157790112,0.00025981280950902464,0.496193142468504,0.15485735702050893,21127.733333333334,18501.216666666667,1.0,False,6787.0,/Users/liu/Documents/go/gopath/src/rust-pro/passivbot-struct/passivbot/backtests/binance/2026-10-01T23_11_50
BTC,bear,short,0.0022155285546807246,0.0003628533796596412,0.9585912334957205,0.2477185347361679,3148.95,3147.9333333333334,0.1252,True,642.0,/Users/liu/Documents/go/gopath/src/rust-pro/passivbot-struct/passivbot/backtests/binance/2026-10-01T23_11_54
BTC,extreme_vol,both,0.00021860150453033674,7.84745974422505e-05,0.20815789105247595,0.03766901556436392,1005.9,3411.4,1.0,False,3434.0,/Users/liu/Documents/go/gopath/src/rust-pro/passivbot-struct/passivbot/backtests/binance/2026-10-01T23_12_39
BTC,extreme_vol,long,0.00017995404591585545,7.487512551129387e-05,0.2079546168038422,0.017128395298749263,1204.75,1203.1833333333334,1.0,False,2470.0,/Users/liu/Documents/go/gopath/src/rust-pro/passivbot-struct/passivbot/backtests/binance/2026-10-01T23_12_11
BTC,extreme_vol,short,0.0001354872316580551,6.537986444414331e-05,0.05903900603986107,0.03542470857690123,3459.133333333333,3410.75,1.0,False,911.0,/Users/liu/Documents/go/gopath/src/rust-pro/passivbot-struct/passivbot/backtests/binance/2026-10-01T23_12_23
BTC,low_vol_osc,both,0.0006154413224607765,-3.1600601163513346e-06,0.9599493312986959,0.7805509682922237,3712.25,5203.316666666667,0.1716,True,8452.0,/Users/liu/Documents/go/gopath/src/rust-pro/passivbot-struct/passivbot/backtests/binance/2026-10-01T23_11_07
BTC,low_vol_osc,long,0.0017850022444913772,0.0008843703597190169,0.7490422162147923,0.39000762329957506,26298.083333333332,19705.233333333334,1.0,False,18629.0,/Users/liu/Documents/go/gopath/src/rust-pro/passivbot-struct/passivbot/backtests/binance/2026-10-01T23_10_55
BTC,low_vol_osc,short,0.0032210310381361293,0.000616892991466065,0.9642939341715053,0.24947493070111978,3139.4,3136.25,0.1252,True,2189.0,/Users/liu/Documents/go/gopath/src/rust-pro/passivbot-struct/passivbot/backtests/binance/2026-10-01T23_11_00
BTC,normal_osc,both,0.0005243983282475387,-2.1729040300499474e-06,0.9550379465861609,0.7393722356357653,3345.15,5200.733333333334,0.1586,True,3770.0,/Users/liu/Documents/go/gopath/src/rust-pro/passivbot-struct/passivbot/backtests/binance/2026-10-01T23_10_36
BTC,normal_osc,long,0.0015892240440723078,0.0007116966687308204,0.7433255422897803,0.286876231370724,21199.45,20005.2,1.0,False,10431.0,/Users/liu/Documents/go/gopath/src/rust-pro/passivbot-struct/passivbot/backtests/binance/2026-10-01T23_10_25
BTC,normal_osc,short,0.002666061839945997,0.0003822464577189227,0.9595373585105579,0.2138962506244701,3139.233333333333,3136.4,0.1252,True,912.0,/Users/liu/Documents/go/gopath/src/rust-pro/passivbot-struct/passivbot/backtests/binance/2026-10-01T23_10_30
BTC,strong_trend,both,6.624344711224344e-05,-1.2849075095286887e-05,0.9518373534828999,0.90183750836865,8832.316666666668,5852.6,0.1689,True,2637.0,/Users/liu/Documents/go/gopath/src/rust-pro/passivbot-struct/passivbot/backtests/binance/2026-10-01T23_11_33
BTC,strong_trend,long,0.0018140941906251563,0.0005389509061130949,0.740507385758702,0.2526318627654955,21234.266666666666,20005.45,1.0,False,6082.0,/Users/liu/Documents/go/gopath/src/rust-pro/passivbot-struct/passivbot/backtests/binance/2026-10-01T23_11_22
BTC,strong_trend,short,0.00034686733753358637,0.00012893706328191606,0.9523715617348112,0.447378576888087,5352.733333333334,5351.5,0.1608,True,523.0,/Users/liu/Documents/go/gopath/src/rust-pro/passivbot-struct/passivbot/backtests/binance/2026-10-01T23_11_27
ETH,bear,both,0.0015458211541566236,-2.9970429103298666e-07,0.9635192339066979,0.32514497398185205,2737.0666666666666,2820.133333333333,0.0963,True,2062.0,/Users/liu/Documents/go/gopath/src/rust-pro/passivbot-struct/passivbot/backtests/binance/2026-10-01T23_14_34
ETH,bear,long,0.0008789524092469479,0.00033144259718822963,0.4585876568267897,0.13561940881433077,16452.616666666665,14450.15,1.0,False,7009.0,/Users/liu/Documents/go/gopath/src/rust-pro/passivbot-struct/passivbot/backtests/binance/2026-10-01T23_14_27
ETH,bear,short,0.003934826936999823,-6.116700865623374e-06,0.9601865871296051,0.1913552839944541,2781.25,2771.8,0.0955,True,394.0,/Users/liu/Documents/go/gopath/src/rust-pro/passivbot-struct/passivbot/backtests/binance/2026-10-01T23_14_31
ETH,extreme_vol,both,0.0002894711832495559,8.675262430835268e-05,0.24615533439584344,0.056375611603891776,1099.4666666666667,2193.733333333333,1.0,False,4861.0,/Users/liu/Documents/go/gopath/src/rust-pro/passivbot-struct/passivbot/backtests/binance/2026-10-01T23_15_10
ETH,extreme_vol,long,0.00025088338166056137,8.647535510659986e-05,0.24635114532045016,0.023865208676183886,1232.2333333333333,1231.1666666666667,1.0,False,3376.0,/Users/liu/Documents/go/gopath/src/rust-pro/passivbot-struct/passivbot/backtests/binance/2026-10-01T23_14_45
ETH,extreme_vol,short,0.000155810148061392,7.026988320410405e-05,0.13018219456037747,0.05684250851121763,2229.8,2193.733333333333,1.0,False,1351.0,/Users/liu/Documents/go/gopath/src/rust-pro/passivbot-struct/passivbot/backtests/binance/2026-10-01T23_14_55
ETH,low_vol_osc,both,0.005081827057499758,1.9460131951689694e-05,0.9789957052085818,0.4336822171438656,928.0666666666667,2912.0833333333335,0.0989,True,5676.0,/Users/liu/Documents/go/gopath/src/rust-pro/passivbot-struct/passivbot/backtests/binance/2026-10-01T23_13_48
ETH,low_vol_osc,long,0.004026959598168484,0.0015609485533088674,0.7850120328296278,0.3975664398905219,21634.133333333335,19479.533333333333,1.0,False,25010.0,/Users/liu/Documents/go/gopath/src/rust-pro/passivbot-struct/passivbot/backtests/binance/2026-10-01T23_13_40
ETH,low_vol_osc,short,0.00822545857138234,0.0009092561241546239,0.969665458044052,0.1479627240180956,2712.3333333333335,2707.766666666667,0.0955,True,1700.0,/Users/liu/Documents/go/gopath/src/rust-pro/passivbot-struct/passivbot/backtests/binance/2026-10-01T23_13_44
ETH,normal_osc,both,0.0037136677701964417,3.2299493966738014e-05,0.9754138190076989,0.3056317436936568,673.4833333333333,2580.866666666667,0.0992,True,3129.0,/Users/liu/Documents/go/gopath/src/rust-pro/passivbot-struct/passivbot/backtests/binance/2026-10-01T23_13_20
ETH,normal_osc,long,0.002495987957634201,0.0008715375719462863,0.6707221048454064,0.258615490937382,16376.033333333333,14775.966666666667,1.0,False,10988.0,/Users/liu/Documents/go/gopath/src/rust-pro/passivbot-struct/passivbot/backtests/binance/2026-10-01T23_13_12
ETH,normal_osc,short,0.004436490879282618,0.0005498958299303787,0.9667495604265318,0.13096102719983166,2550.1666666666665,2532.6833333333334,0.0984,True,940.0,/Users/liu/Documents/go/gopath/src/rust-pro/passivbot-struct/passivbot/backtests/binance/2026-10-01T23_13_17
ETH,strong_trend,both,0.0015536931842656592,0.00012882135395537374,0.9708489498019964,0.4957075006952097,1163.6333333333334,2908.2833333333333,0.2092,True,4487.0,/Users/liu/Documents/go/gopath/src/rust-pro/passivbot-struct/passivbot/backtests/binance/2026-10-01T23_14_11
ETH,strong_trend,long,0.0020755613113657995,0.0005083094702797986,0.6644196543235389,0.24463867634721867,16458.933333333334,14566.1,1.0,False,6042.0,/Users/liu/Documents/go/gopath/src/rust-pro/passivbot-struct/passivbot/backtests/binance/2026-10-01T23_14_02
ETH,strong_trend,short,0.0007010548509176906,0.00017164983641276477,0.9597838066810088,0.12487669667354527,1161.2,1158.6666666666667,0.18,True,1253.0,/Users/liu/Documents/go/gopath/src/rust-pro/passivbot-struct/passivbot/backtests/binance/2026-10-01T23_14_06
SOL,bear,both,0.002739958567927045,2.769917986162361e-06,0.9605997409505919,0.3865046867444206,357.78333333333336,780.1666666666666,0.0523,True,1407.0,/Users/liu/Documents/go/gopath/src/rust-pro/passivbot-struct/passivbot/backtests/binance/2026-10-01T23_24_11
SOL,bear,long,0.0015616032077289273,0.0004567871103607972,0.6303008778084189,0.07004805806132922,14479.633333333333,13986.3,1.0,False,8512.0,/Users/liu/Documents/go/gopath/src/rust-pro/passivbot-struct/passivbot/backtests/binance/2026-10-01T23_24_06
SOL,bear,short,0.0034858121482702425,0.0006887104211212916,0.9586189507028744,0.08827897850191274,802.4166666666666,800.1333333333333,0.0523,True,274.0,/Users/liu/Documents/go/gopath/src/rust-pro/passivbot-struct/passivbot/backtests/binance/2026-10-01T23_24_09
SOL,extreme_vol,both,0.0009380366338789564,0.00031513499859253604,0.9622952821184636,0.05203029450324526,522.7666666666667,682.9833333333333,0.1617,True,2382.0,/Users/liu/Documents/go/gopath/src/rust-pro/passivbot-struct/passivbot/backtests/binance/2026-10-01T23_24_28
SOL,extreme_vol,long,0.0003680511022056585,0.00013468407592405615,0.13052860159777904,0.018756954952601348,884.4833333333333,884.4666666666667,1.0,False,4852.0,/Users/liu/Documents/go/gopath/src/rust-pro/passivbot-struct/passivbot/backtests/binance/2026-10-01T23_24_20
SOL,extreme_vol,short,0.0005632227646265503,0.0001232019968829414,0.9563655548978183,0.022461215709691732,693.1,679.9833333333333,0.1616,True,759.0,/Users/liu/Documents/go/gopath/src/rust-pro/passivbot-struct/passivbot/backtests/binance/2026-10-01T23_24_24
SOL,low_vol_osc,both,0.01067176928003153,0.0018380912709348698,0.9841417403723894,0.4045680655015741,260.51666666666665,702.0166666666667,0.0663,True,3765.0,/Users/liu/Documents/go/gopath/src/rust-pro/passivbot-struct/passivbot/backtests/binance/2026-10-01T23_23_38
SOL,low_vol_osc,long,0.008906676853594824,0.00213275574646814,0.9559035930564616,0.3398455079140402,25836.016666666666,19977.333333333332,1.0,False,14117.0,/Users/liu/Documents/go/gopath/src/rust-pro/passivbot-struct/passivbot/backtests/binance/2026-10-01T23_23_32
SOL,low_vol_osc,short,0.004691936305502256,0.001267558723392357,0.9612148291998189,0.18594142299820748,848.1833333333333,847.1666666666666,0.0523,True,560.0,/Users/liu/Documents/go/gopath/src/rust-pro/passivbot-struct/passivbot/backtests/binance/2026-10-01T23_23_35
SOL,normal_osc,both,0.0073690639847547885,1.0110721402359166e-05,0.9796222477142156,0.2725347883579789,475.46666666666664,603.6833333333333,0.0663,True,2175.0,/Users/liu/Documents/go/gopath/src/rust-pro/passivbot-struct/passivbot/backtests/binance/2026-10-01T23_23_16
SOL,normal_osc,long,0.0038004456099843577,0.0008981270427771895,0.9470151101674323,0.1648245350270865,20469.916666666668,19378.95,1.0,False,7851.0,/Users/liu/Documents/go/gopath/src/rust-pro/passivbot-struct/passivbot/backtests/binance/2026-10-01T23_23_11
SOL,normal_osc,short,0.0065907594704465566,0.0007871920048089264,0.9667631698665186,0.05526779887601761,802.3833333333333,799.5333333333333,0.0636,True,404.0,/Users/liu/Documents/go/gopath/src/rust-pro/passivbot-struct/passivbot/backtests/binance/2026-10-01T23_23_14
SOL,strong_trend,both,0.00534212914816757,0.00035272765263902903,0.9738194625749684,0.17392594540915818,491.98333333333335,604.1833333333333,0.0729,True,1403.0,/Users/liu/Documents/go/gopath/src/rust-pro/passivbot-struct/passivbot/backtests/binance/2026-10-01T23_23_54
SOL,strong_trend,long,0.0033002569077327623,0.0005880438926794843,0.9433347375798838,0.16105648844139595,20213.066666666666,19246.2,1.0,False,4525.0,/Users/liu/Documents/go/gopath/src/rust-pro/passivbot-struct/passivbot/backtests/binance/2026-10-01T23_23_49
SOL,strong_trend,short,0.0018669060793155786,0.00029628623475209525,0.9574996052290176,0.03428691145970886,532.2166666666667,512.3166666666667,0.0729,True,353.0,/Users/liu/Documents/go/gopath/src/rust-pro/passivbot-struct/passivbot/backtests/binance/2026-10-01T23_23_52
